run,deployment,workload,total_response_ms,computation_ms,startup_ms,primes_found,status,timestamp
1,Lambda,light,1257.34,0.34,1257.0,95,200,2026-03-16T00:44:05.880311
2,Lambda,light,948.76,0.34,948.42,95,200,2026-03-16T00:44:09.831210
3,Lambda,light,1263.79,0.34,1263.45,95,200,2026-03-16T00:44:14.096213
4,Lambda,light,1387.0,0.34,1386.66,95,200,2026-03-16T00:44:18.485727
5,Lambda,light,1233.89,0.34,1233.55,95,200,2026-03-16T00:44:22.722802
6,Lambda,light,1274.01,0.34,1273.67,95,200,2026-03-16T00:44:26.999318
7,Lambda,light,1232.3,0.34,1231.96,95,200,2026-03-16T00:44:31.234113
8,Lambda,light,1292.29,0.34,1291.95,95,200,2026-03-16T00:44:35.528028
9,Lambda,light,1296.09,0.37,1295.72,95,200,2026-03-16T00:44:39.826663
10,Lambda,light,1278.51,0.34,1278.17,95,200,2026-03-16T00:44:44.106422
11,Lambda,light,1336.74,0.34,1336.4,95,200,2026-03-16T00:44:48.446884
12,Lambda,light,1200.75,0.38,1200.37,95,200,2026-03-16T00:44:52.649697
13,Lambda,light,1209.74,0.34,1209.4,95,200,2026-03-16T00:44:56.861992
14,Lambda,light,1209.28,0.34,1208.94,95,200,2026-03-16T00:45:01.073750
15,Lambda,light,1278.29,0.34,1277.95,95,200,2026-03-16T00:45:05.354624
16,Lambda,light,1273.17,0.34,1272.83,95,200,2026-03-16T00:45:09.629168
17,Lambda,light,1285.71,0.34,1285.37,95,200,2026-03-16T00:45:13.916358
18,Lambda,light,1282.09,0.34,1281.75,95,200,2026-03-16T00:45:18.200890
19,Lambda,light,1302.54,0.34,1302.2,95,200,2026-03-16T00:45:22.507404
20,Lambda,light,1319.15,0.37,1318.78,95,200,2026-03-16T00:45:26.828407
21,Lambda,light,1269.22,0.34,1268.88,95,200,2026-03-16T00:45:31.100692
22,Lambda,light,1314.18,0.35,1313.83,95,200,2026-03-16T00:45:35.417158
23,Lambda,light,1228.89,0.34,1228.55,95,200,2026-03-16T00:45:39.649093
24,Lambda,light,1267.48,0.34,1267.14,95,200,2026-03-16T00:45:43.918784
25,Lambda,light,1328.67,0.34,1328.33,95,200,2026-03-16T00:45:48.250706
26,Lambda,light,1248.27,0.35,1247.92,95,200,2026-03-16T00:45:52.500807
27,Lambda,light,1244.83,0.36,1244.47,95,200,2026-03-16T00:45:56.748906
28,Lambda,light,1251.9,0.34,1251.56,95,200,2026-03-16T00:46:01.003601
29,Lambda,light,1170.58,0.34,1170.24,95,200,2026-03-16T00:46:05.175547
30,Lambda,light,1321.24,0.37,1320.87,95,200,2026-03-16T00:46:09.498835
31,Lambda,light,1188.41,0.34,1188.07,95,200,2026-03-16T00:46:13.689856
32,Lambda,light,1294.17,0.34,1293.83,95,200,2026-03-16T00:46:17.987720
33,Lambda,light,1260.67,0.34,1260.33,95,200,2026-03-16T00:46:22.251697
34,Lambda,light,1246.76,0.34,1246.42,95,200,2026-03-16T00:46:26.502033
35,Lambda,light,2412.99,0.34,2412.65,95,200,2026-03-16T00:46:31.917501
36,Lambda,light,1262.09,0.34,1261.75,95,200,2026-03-16T00:46:36.181702
37,Lambda,light,1204.27,0.34,1203.93,95,200,2026-03-16T00:46:40.387379
38,Lambda,light,1328.13,0.35,1327.78,95,200,2026-03-16T00:46:44.718146
39,Lambda,light,1216.09,0.34,1215.75,95,200,2026-03-16T00:46:48.936791
40,Lambda,light,1199.68,0.34,1199.34,95,200,2026-03-16T00:46:53.139013
41,Lambda,light,1239.63,0.34,1239.29,95,200,2026-03-16T00:46:57.383783
42,Lambda,light,1493.53,0.34,1493.19,95,200,2026-03-16T00:47:01.881343
43,Lambda,light,1340.46,0.37,1340.09,95,200,2026-03-16T00:47:06.225298
44,Lambda,light,1315.14,0.34,1314.8,95,200,2026-03-16T00:47:10.542982
45,Lambda,light,1371.48,0.34,1371.14,95,200,2026-03-16T00:47:14.917171
46,Lambda,light,1231.74,0.34,1231.4,95,200,2026-03-16T00:47:19.151409
47,Lambda,light,1248.66,0.34,1248.32,95,200,2026-03-16T00:47:23.404524
48,Lambda,light,1286.17,0.34,1285.83,95,200,2026-03-16T00:47:27.692880
49,Lambda,light,1292.73,0.34,1292.39,95,200,2026-03-16T00:47:31.987760
50,Lambda,light,1233.03,0.34,1232.69,95,200,2026-03-16T00:47:36.222641
51,Lambda,light,1276.95,0.34,1276.61,95,200,2026-03-16T00:47:40.501421
52,Lambda,light,1606.62,0.36,1606.26,95,200,2026-03-16T00:47:45.111391
53,Lambda,light,1262.42,0.36,1262.06,95,200,2026-03-16T00:47:49.376643
54,Lambda,light,2842.37,0.35,2842.02,95,200,2026-03-16T00:47:55.223045
55,Lambda,light,1349.29,0.35,1348.94,95,200,2026-03-16T00:47:59.575820
56,Lambda,light,1819.23,0.34,1818.89,95,200,2026-03-16T00:48:04.397491
57,Lambda,light,1232.08,0.34,1231.74,95,200,2026-03-16T00:48:08.631739
58,Lambda,light,1270.88,0.36,1270.52,95,200,2026-03-16T00:48:12.904500
59,Lambda,light,1078.08,0.35,1077.73,95,200,2026-03-16T00:48:16.984700
60,Lambda,light,965.37,0.34,965.03,95,200,2026-03-16T00:48:20.951532
61,Lambda,light,1351.06,0.34,1350.72,95,200,2026-03-16T00:48:25.304997
62,Lambda,light,1205.99,0.34,1205.65,95,200,2026-03-16T00:48:29.514009
63,Lambda,light,1230.03,0.35,1229.68,95,200,2026-03-16T00:48:33.745740
64,Lambda,light,3200.29,0.34,3199.95,95,200,2026-03-16T00:48:39.948828
65,Lambda,light,1252.83,0.34,1252.49,95,200,2026-03-16T00:48:44.204288
66,Lambda,light,1254.39,0.34,1254.05,95,200,2026-03-16T00:48:48.461718
67,Lambda,light,1313.84,0.34,1313.5,95,200,2026-03-16T00:48:52.777927
68,Lambda,light,1309.13,0.34,1308.79,95,200,2026-03-16T00:48:57.089317
69,Lambda,light,1253.43,0.34,1253.09,95,200,2026-03-16T00:49:01.345450
70,Lambda,light,1211.09,0.34,1210.75,95,200,2026-03-16T00:49:05.558865
71,Lambda,light,1251.46,0.34,1251.12,95,200,2026-03-16T00:49:09.814583
72,Lambda,light,1207.48,0.34,1207.14,95,200,2026-03-16T00:49:14.023704
73,Lambda,light,1851.87,0.34,1851.53,95,200,2026-03-16T00:49:18.879002
74,Lambda,light,1237.07,0.34,1236.73,95,200,2026-03-16T00:49:23.118113
75,Lambda,light,1193.01,0.34,1192.67,95,200,2026-03-16T00:49:27.313765
76,Lambda,light,1211.69,0.34,1211.35,95,200,2026-03-16T00:49:31.528605
77,Lambda,light,1282.08,0.34,1281.74,95,200,2026-03-16T00:49:35.812805
78,Lambda,light,1305.86,0.34,1305.52,95,200,2026-03-16T00:49:40.120923
79,Lambda,light,1294.26,0.34,1293.92,95,200,2026-03-16T00:49:44.418139
80,Lambda,light,1272.91,0.34,1272.57,95,200,2026-03-16T00:49:48.693276
81,Lambda,light,1266.36,0.35,1266.01,95,200,2026-03-16T00:49:52.961455
82,Lambda,light,1262.67,0.34,1262.33,95,200,2026-03-16T00:49:57.226856
83,Lambda,light,1223.41,0.34,1223.07,95,200,2026-03-16T00:50:01.452942
84,Lambda,light,1275.29,0.37,1274.92,95,200,2026-03-16T00:50:05.732064
85,Lambda,light,1285.84,0.34,1285.5,95,200,2026-03-16T00:50:10.021049
86,Lambda,light,1304.91,0.35,1304.56,95,200,2026-03-16T00:50:14.329367
87,Lambda,light,1281.54,0.34,1281.2,95,200,2026-03-16T00:50:18.613803
88,Lambda,light,2194.6,0.34,2194.26,95,200,2026-03-16T00:50:23.810415
89,Lambda,light,1297.29,0.39,1296.9,95,200,2026-03-16T00:50:28.109515
90,Lambda,light,1247.41,0.35,1247.06,95,200,2026-03-16T00:50:32.359901
91,Lambda,light,1175.61,11.48,1164.13,95,200,2026-03-16T00:50:36.538320
92,Lambda,light,1170.75,0.34,1170.41,95,200,2026-03-16T00:50:40.711887
93,Lambda,light,1242.38,0.35,1242.03,95,200,2026-03-16T00:50:44.956014
94,Lambda,light,1169.19,0.34,1168.85,95,200,2026-03-16T00:50:49.127247
95,Lambda,light,1170.48,0.34,1170.14,95,200,2026-03-16T00:50:53.301236
96,Lambda,light,1185.01,0.37,1184.64,95,200,2026-03-16T00:50:57.488677
97,Lambda,light,1310.33,0.34,1309.99,95,200,2026-03-16T00:51:01.801102
98,Lambda,light,1292.61,0.36,1292.25,95,200,2026-03-16T00:51:06.095691
99,Lambda,light,1202.59,0.34,1202.25,95,200,2026-03-16T00:51:10.300131
100,Lambda,light,1291.51,0.34,1291.17,95,200,2026-03-16T00:51:14.593591
1,Docker-EC2,light,490.27,0.27,490.0,95,200,2026-03-16T00:51:18.086253
2,Docker-EC2,light,529.04,0.27,528.77,95,200,2026-03-16T00:51:21.615952
3,Docker-EC2,light,495.33,0.27,495.06,95,200,2026-03-16T00:51:25.111763
4,Docker-EC2,light,502.28,0.28,502.0,95,200,2026-03-16T00:51:28.614599
5,Docker-EC2,light,442.02,0.27,441.75,95,200,2026-03-16T00:51:32.057235
6,Docker-EC2,light,477.48,0.27,477.21,95,200,2026-03-16T00:51:35.535398
7,Docker-EC2,light,487.9,0.27,487.63,95,200,2026-03-16T00:51:39.024019
8,Docker-EC2,light,524.46,0.28,524.18,95,200,2026-03-16T00:51:42.549080
9,Docker-EC2,light,475.92,0.27,475.65,95,200,2026-03-16T00:51:46.026269
10,Docker-EC2,light,479.89,0.38,479.51,95,200,2026-03-16T00:51:49.507207
11,Docker-EC2,light,478.43,0.27,478.16,95,200,2026-03-16T00:51:52.986576
12,Docker-EC2,light,458.87,0.27,458.6,95,200,2026-03-16T00:51:56.446845
13,Docker-EC2,light,479.78,0.29,479.49,95,200,2026-03-16T00:51:59.927715
14,Docker-EC2,light,602.81,0.26,602.55,95,200,2026-03-16T00:52:03.531070
15,Docker-EC2,light,641.62,0.38,641.24,95,200,2026-03-16T00:52:07.174032
16,Docker-EC2,light,457.1,0.26,456.84,95,200,2026-03-16T00:52:10.631974
17,Docker-EC2,light,483.51,0.27,483.24,95,200,2026-03-16T00:52:14.116523
18,Docker-EC2,light,493.12,0.27,492.85,95,200,2026-03-16T00:52:17.610365
19,Docker-EC2,light,512.34,0.27,512.07,95,200,2026-03-16T00:52:21.123561
20,Docker-EC2,light,527.94,0.27,527.67,95,200,2026-03-16T00:52:24.652294
21,Docker-EC2,light,509.27,0.37,508.9,95,200,2026-03-16T00:52:28.162172
22,Docker-EC2,light,514.93,0.27,514.66,95,200,2026-03-16T00:52:31.678109
23,Docker-EC2,light,475.65,0.28,475.37,95,200,2026-03-16T00:52:35.154843
24,Docker-EC2,light,465.73,0.27,465.46,95,200,2026-03-16T00:52:38.621206
25,Docker-EC2,light,497.58,0.27,497.31,95,200,2026-03-16T00:52:42.119805
26,Docker-EC2,light,497.35,0.27,497.08,95,200,2026-03-16T00:52:45.618293
27,Docker-EC2,light,490.28,0.26,490.02,95,200,2026-03-16T00:52:49.110129
28,Docker-EC2,light,500.69,0.26,500.43,95,200,2026-03-16T00:52:52.611682
29,Docker-EC2,light,462.8,0.27,462.53,95,200,2026-03-16T00:52:56.075468
30,Docker-EC2,light,489.82,0.27,489.55,95,200,2026-03-16T00:52:59.566241
31,Docker-EC2,light,473.59,0.32,473.27,95,200,2026-03-16T00:53:03.040780
32,Docker-EC2,light,1538.72,0.28,1538.44,95,200,2026-03-16T00:53:07.580446
33,Docker-EC2,light,487.58,0.27,487.31,95,200,2026-03-16T00:53:11.069117
34,Docker-EC2,light,492.74,0.27,492.47,95,200,2026-03-16T00:53:14.562461
35,Docker-EC2,light,462.87,0.36,462.51,95,200,2026-03-16T00:53:18.026749
36,Docker-EC2,light,472.27,0.29,471.98,95,200,2026-03-16T00:53:21.499734
37,Docker-EC2,light,502.84,0.34,502.5,95,200,2026-03-16T00:53:25.003186
38,Docker-EC2,light,507.43,0.26,507.17,95,200,2026-03-16T00:53:28.512177
39,Docker-EC2,light,457.65,0.27,457.38,95,200,2026-03-16T00:53:31.970462
40,Docker-EC2,light,454.72,0.36,454.36,95,200,2026-03-16T00:53:35.426004
41,Docker-EC2,light,485.39,0.3,485.09,95,200,2026-03-16T00:53:38.911921
42,Docker-EC2,light,475.35,0.27,475.08,95,200,2026-03-16T00:53:42.388229
43,Docker-EC2,light,470.25,0.27,469.98,95,200,2026-03-16T00:53:45.859301
44,Docker-EC2,light,487.27,0.31,486.96,95,200,2026-03-16T00:53:49.347890
45,Docker-EC2,light,484.48,0.28,484.2,95,200,2026-03-16T00:53:52.832907
46,Docker-EC2,light,488.46,0.28,488.18,95,200,2026-03-16T00:53:56.322208
47,Docker-EC2,light,499.6,0.27,499.33,95,200,2026-03-16T00:53:59.822843
48,Docker-EC2,light,525.54,0.39,525.15,95,200,2026-03-16T00:54:03.349289
49,Docker-EC2,light,515.33,0.29,515.04,95,200,2026-03-16T00:54:06.865251
50,Docker-EC2,light,494.87,0.27,494.6,95,200,2026-03-16T00:54:10.360959
51,Docker-EC2,light,478.12,0.26,477.86,95,200,2026-03-16T00:54:13.840036
52,Docker-EC2,light,486.45,0.27,486.18,95,200,2026-03-16T00:54:17.327923
53,Docker-EC2,light,471.8,0.27,471.53,95,200,2026-03-16T00:54:20.800622
54,Docker-EC2,light,458.33,0.33,458.0,95,200,2026-03-16T00:54:24.259640
55,Docker-EC2,light,458.47,0.27,458.2,95,200,2026-03-16T00:54:27.718956
56,Docker-EC2,light,487.07,0.27,486.8,95,200,2026-03-16T00:54:31.207166
57,Docker-EC2,light,468.89,0.28,468.61,95,200,2026-03-16T00:54:34.677573
58,Docker-EC2,light,473.67,0.26,473.41,95,200,2026-03-16T00:54:38.152210
59,Docker-EC2,light,484.84,0.34,484.5,95,200,2026-03-16T00:54:41.637982
60,Docker-EC2,light,454.99,0.28,454.71,95,200,2026-03-16T00:54:45.093569
61,Docker-EC2,light,469.19,0.27,468.92,95,200,2026-03-16T00:54:48.563607
62,Docker-EC2,light,493.83,0.28,493.55,95,200,2026-03-16T00:54:52.058399
63,Docker-EC2,light,475.04,0.27,474.77,95,200,2026-03-16T00:54:55.534527
64,Docker-EC2,light,497.28,0.35,496.93,95,200,2026-03-16T00:54:59.032921
65,Docker-EC2,light,443.87,0.26,443.61,95,200,2026-03-16T00:55:02.478333
66,Docker-EC2,light,491.02,0.27,490.75,95,200,2026-03-16T00:55:05.969949
67,Docker-EC2,light,468.92,0.27,468.65,95,200,2026-03-16T00:55:09.440271
68,Docker-EC2,light,476.07,0.27,475.8,95,200,2026-03-16T00:55:12.917947
69,Docker-EC2,light,490.53,0.27,490.26,95,200,2026-03-16T00:55:16.409528
70,Docker-EC2,light,510.92,0.29,510.63,95,200,2026-03-16T00:55:19.921014
71,Docker-EC2,light,499.84,0.27,499.57,95,200,2026-03-16T00:55:23.421889
72,Docker-EC2,light,457.24,0.28,456.96,95,200,2026-03-16T00:55:26.879955
73,Docker-EC2,light,494.06,0.27,493.79,95,200,2026-03-16T00:55:30.375049
74,Docker-EC2,light,451.84,0.27,451.57,95,200,2026-03-16T00:55:33.827535
75,Docker-EC2,light,494.41,0.26,494.15,95,200,2026-03-16T00:55:37.322860
76,Docker-EC2,light,496.62,0.27,496.35,95,200,2026-03-16T00:55:40.820245
77,Docker-EC2,light,465.81,0.26,465.55,95,200,2026-03-16T00:55:44.287178
78,Docker-EC2,light,472.2,0.26,471.94,95,200,2026-03-16T00:55:47.760895
79,Docker-EC2,light,471.11,0.27,470.84,95,200,2026-03-16T00:55:51.232954
80,Docker-EC2,light,448.97,0.28,448.69,95,200,2026-03-16T00:55:54.682596
81,Docker-EC2,light,503.12,0.27,502.85,95,200,2026-03-16T00:55:58.186969
82,Docker-EC2,light,487.14,0.27,486.87,95,200,2026-03-16T00:56:01.675021
83,Docker-EC2,light,486.3,0.28,486.02,95,200,2026-03-16T00:56:05.162298
84,Docker-EC2,light,478.45,0.27,478.18,95,200,2026-03-16T00:56:08.641654
85,Docker-EC2,light,480.69,0.27,480.42,95,200,2026-03-16T00:56:12.123365
86,Docker-EC2,light,471.76,0.27,471.49,95,200,2026-03-16T00:56:15.595709
87,Docker-EC2,light,453.6,0.27,453.33,95,200,2026-03-16T00:56:19.050314
88,Docker-EC2,light,457.71,0.26,457.45,95,200,2026-03-16T00:56:22.509170
89,Docker-EC2,light,474.03,0.27,473.76,95,200,2026-03-16T00:56:25.984006
90,Docker-EC2,light,461.66,0.26,461.4,95,200,2026-03-16T00:56:29.446432
91,Docker-EC2,light,466.64,0.27,466.37,95,200,2026-03-16T00:56:32.914463
92,Docker-EC2,light,460.38,0.36,460.02,95,200,2026-03-16T00:56:36.375765
93,Docker-EC2,light,487.78,0.27,487.51,95,200,2026-03-16T00:56:39.864689
94,Docker-EC2,light,494.26,0.3,493.96,95,200,2026-03-16T00:56:43.359884
95,Docker-EC2,light,494.86,0.27,494.59,95,200,2026-03-16T00:56:46.855803
96,Docker-EC2,light,519.74,0.27,519.47,95,200,2026-03-16T00:56:50.376621
97,Docker-EC2,light,507.86,0.28,507.58,95,200,2026-03-16T00:56:53.885248
98,Docker-EC2,light,472.39,0.28,472.11,95,200,2026-03-16T00:56:57.358595
99,Docker-EC2,light,525.24,0.26,524.98,95,200,2026-03-16T00:57:00.885102
100,Docker-EC2,light,571.25,0.27,570.98,95,200,2026-03-16T00:57:04.457662
1,Lambda,medium,1671.41,44.36,1627.05,669,200,2026-03-16T00:57:09.130386
2,Lambda,medium,1447.62,36.2,1411.42,669,200,2026-03-16T00:57:13.581203
3,Lambda,medium,1425.14,40.19,1384.95,669,200,2026-03-16T00:57:18.008745
4,Lambda,medium,1736.98,4.08,1732.9,669,200,2026-03-16T00:57:22.748513
5,Lambda,medium,1737.44,28.15,1709.29,669,200,2026-03-16T00:57:27.487958
6,Lambda,medium,1478.77,12.12,1466.65,669,200,2026-03-16T00:57:31.968965
7,Lambda,medium,1742.69,4.06,1738.63,669,200,2026-03-16T00:57:36.713595
8,Lambda,medium,1384.9,4.08,1380.82,669,200,2026-03-16T00:57:41.100343
9,Lambda,medium,1464.01,40.11,1423.9,669,200,2026-03-16T00:57:45.566495
10,Lambda,medium,1525.85,4.09,1521.76,669,200,2026-03-16T00:57:50.093848
11,Lambda,medium,1451.91,36.13,1415.78,669,200,2026-03-16T00:57:54.547834
12,Lambda,medium,1259.04,20.15,1238.89,669,200,2026-03-16T00:57:58.809129
13,Lambda,medium,1734.55,40.18,1694.37,669,200,2026-03-16T00:58:03.546230
14,Lambda,medium,1208.53,8.1,1200.43,669,200,2026-03-16T00:58:07.756227
15,Lambda,medium,1366.77,40.14,1326.63,669,200,2026-03-16T00:58:12.124888
16,Lambda,medium,1230.05,12.15,1217.9,669,200,2026-03-16T00:58:16.356924
17,Lambda,medium,1276.61,40.12,1236.49,669,200,2026-03-16T00:58:20.637488
18,Lambda,medium,1197.34,32.14,1165.2,669,200,2026-03-16T00:58:24.837149
19,Lambda,medium,1196.96,16.12,1180.84,669,200,2026-03-16T00:58:29.038407
20,Lambda,medium,1273.86,4.08,1269.78,669,200,2026-03-16T00:58:33.313816
21,Lambda,medium,1196.46,4.06,1192.4,669,200,2026-03-16T00:58:37.513963
22,Lambda,medium,1231.15,8.14,1223.01,669,200,2026-03-16T00:58:41.747212
23,Lambda,medium,1845.68,16.11,1829.57,669,200,2026-03-16T00:58:46.595199
24,Lambda,medium,1588.93,24.14,1564.79,669,200,2026-03-16T00:58:51.186477
25,Lambda,medium,1295.94,32.13,1263.81,669,200,2026-03-16T00:58:55.484509
26,Lambda,medium,1289.12,8.17,1280.95,669,200,2026-03-16T00:58:59.775520
27,Lambda,medium,1514.92,32.13,1482.79,669,200,2026-03-16T00:59:04.292784
28,Lambda,medium,1448.56,32.14,1416.42,669,200,2026-03-16T00:59:08.744253
29,Lambda,medium,1445.53,18.9,1426.63,669,200,2026-03-16T00:59:13.191412
30,Lambda,medium,1449.62,28.14,1421.48,669,200,2026-03-16T00:59:17.642982
31,Lambda,medium,1961.23,4.01,1957.22,669,200,2026-03-16T00:59:22.608131
32,Lambda,medium,1676.08,4.01,1672.07,669,200,2026-03-16T00:59:27.294851
33,Lambda,medium,1486.77,4.04,1482.73,669,200,2026-03-16T00:59:31.784771
34,Lambda,medium,1345.55,24.09,1321.46,669,200,2026-03-16T00:59:36.133146
35,Lambda,medium,1278.05,16.05,1262.0,669,200,2026-03-16T00:59:40.412907
36,Lambda,medium,1246.88,32.1,1214.78,669,200,2026-03-16T00:59:44.661951
37,Lambda,medium,1241.61,20.1,1221.51,669,200,2026-03-16T00:59:48.905669
38,Lambda,medium,1572.74,44.07,1528.67,669,200,2026-03-16T00:59:53.482416
39,Lambda,medium,1413.8,36.1,1377.7,669,200,2026-03-16T00:59:57.901470
40,Lambda,medium,1389.9,8.09,1381.81,669,200,2026-03-16T01:00:02.293221
41,Lambda,medium,1804.51,40.09,1764.42,669,200,2026-03-16T01:00:07.100100
42,Lambda,medium,1339.35,12.5,1326.85,669,200,2026-03-16T01:00:11.440834
43,Lambda,medium,1318.88,20.08,1298.8,669,200,2026-03-16T01:00:15.763540
44,Lambda,medium,1254.78,4.06,1250.72,669,200,2026-03-16T01:00:20.021420
45,Lambda,medium,1239.38,36.07,1203.31,669,200,2026-03-16T01:00:24.262716
46,Lambda,medium,1236.69,20.13,1216.56,669,200,2026-03-16T01:00:28.501183
47,Lambda,medium,1614.88,4.03,1610.85,669,200,2026-03-16T01:00:33.117230
48,Lambda,medium,1350.78,4.02,1346.76,669,200,2026-03-16T01:00:37.471740
49,Lambda,medium,1558.16,44.08,1514.08,669,200,2026-03-16T01:00:42.032484
50,Lambda,medium,1305.1,32.08,1273.02,669,200,2026-03-16T01:00:46.339757
51,Lambda,medium,1180.82,4.03,1176.79,669,200,2026-03-16T01:00:50.521884
52,Lambda,medium,1597.45,12.13,1585.32,669,200,2026-03-16T01:00:55.120832
53,Lambda,medium,1217.85,12.08,1205.77,669,200,2026-03-16T01:00:59.340603
54,Lambda,medium,1599.18,20.1,1579.08,669,200,2026-03-16T01:01:03.941608
55,Lambda,medium,1431.81,4.01,1427.8,669,200,2026-03-16T01:01:08.375434
56,Lambda,medium,1822.4,12.49,1809.91,669,200,2026-03-16T01:01:13.199648
57,Lambda,medium,1756.36,4.03,1752.33,669,200,2026-03-16T01:01:17.958647
58,Lambda,medium,1724.82,4.02,1720.8,669,200,2026-03-16T01:01:22.687590
59,Lambda,medium,1333.77,32.09,1301.68,669,200,2026-03-16T01:01:27.025323
60,Lambda,medium,1567.16,4.06,1563.1,669,200,2026-03-16T01:01:31.594228
61,Lambda,medium,1872.53,4.03,1868.5,669,200,2026-03-16T01:01:36.469942
62,Lambda,medium,1773.71,4.02,1769.69,669,200,2026-03-16T01:01:41.246380
63,Lambda,medium,2751.4,36.1,2715.3,669,200,2026-03-16T01:01:47.001008
64,Lambda,medium,1895.07,12.14,1882.93,669,200,2026-03-16T01:01:51.900764
65,Lambda,medium,1614.66,24.09,1590.57,669,200,2026-03-16T01:01:56.519942
66,Lambda,medium,1541.42,32.08,1509.34,669,200,2026-03-16T01:02:01.064437
67,Lambda,medium,1355.95,4.01,1351.94,669,200,2026-03-16T01:02:05.422409
68,Lambda,medium,1174.94,9.44,1165.5,669,200,2026-03-16T01:02:09.599020
69,Lambda,medium,1303.72,44.15,1259.57,669,200,2026-03-16T01:02:13.907017
70,Lambda,medium,1250.09,8.08,1242.01,669,200,2026-03-16T01:02:18.159639
71,Lambda,medium,1418.18,48.07,1370.11,669,200,2026-03-16T01:02:22.579427
72,Lambda,medium,1307.87,12.13,1295.74,669,200,2026-03-16T01:02:26.889571
73,Lambda,medium,1261.58,28.09,1233.49,669,200,2026-03-16T01:02:31.154052
74,Lambda,medium,1236.64,4.05,1232.59,669,200,2026-03-16T01:02:35.394442
75,Lambda,medium,1369.32,44.09,1325.23,669,200,2026-03-16T01:02:39.765440
76,Lambda,medium,1287.64,36.1,1251.54,669,200,2026-03-16T01:02:44.055538
77,Lambda,medium,1267.53,28.08,1239.45,669,200,2026-03-16T01:02:48.324722
78,Lambda,medium,1209.95,44.09,1165.86,669,200,2026-03-16T01:02:52.535987
79,Lambda,medium,1550.03,44.11,1505.92,669,200,2026-03-16T01:02:57.088473
80,Lambda,medium,1671.93,4.03,1667.9,669,200,2026-03-16T01:03:01.762240
81,Lambda,medium,1283.15,4.03,1279.12,669,200,2026-03-16T01:03:06.047388
82,Lambda,medium,1205.17,20.63,1184.54,669,200,2026-03-16T01:03:10.256870
83,Lambda,medium,1239.98,24.1,1215.88,669,200,2026-03-16T01:03:14.498838
84,Lambda,medium,2019.38,4.04,2015.34,669,200,2026-03-16T01:03:19.521467
85,Lambda,medium,1227.04,4.04,1223.0,669,200,2026-03-16T01:03:23.751204
86,Lambda,medium,1201.23,8.04,1193.19,669,200,2026-03-16T01:03:27.956287
87,Lambda,medium,1275.21,28.1,1247.11,669,200,2026-03-16T01:03:32.233165
88,Lambda,medium,1201.17,8.12,1193.05,669,200,2026-03-16T01:03:36.435949
89,Lambda,medium,1254.28,4.02,1250.26,669,200,2026-03-16T01:03:40.692666
90,Lambda,medium,1176.33,32.11,1144.22,669,200,2026-03-16T01:03:44.872824
91,Lambda,medium,1228.74,44.17,1184.57,669,200,2026-03-16T01:03:49.102701
92,Lambda,medium,1289.29,12.14,1277.15,669,200,2026-03-16T01:03:53.394851
93,Lambda,medium,1345.59,44.13,1301.46,669,200,2026-03-16T01:03:57.742766
94,Lambda,medium,1371.69,8.11,1363.58,669,200,2026-03-16T01:04:02.115690
95,Lambda,medium,1394.98,44.13,1350.85,669,200,2026-03-16T01:04:06.512638
96,Lambda,medium,1288.84,52.23,1236.61,669,200,2026-03-16T01:04:10.802983
97,Lambda,medium,1269.44,24.12,1245.32,669,200,2026-03-16T01:04:15.074456
98,Lambda,medium,1358.23,4.05,1354.18,669,200,2026-03-16T01:04:19.434109
99,Lambda,medium,1278.75,28.12,1250.63,669,200,2026-03-16T01:04:23.714478
100,Lambda,medium,1183.04,4.07,1178.97,669,200,2026-03-16T01:04:27.899019
1,Docker-EC2,medium,472.7,3.65,469.05,669,200,2026-03-16T01:04:31.373736
2,Docker-EC2,medium,475.08,3.87,471.21,669,200,2026-03-16T01:04:34.849306
3,Docker-EC2,medium,497.51,3.6,493.91,669,200,2026-03-16T01:04:38.347671
4,Docker-EC2,medium,487.88,3.64,484.24,669,200,2026-03-16T01:04:41.836826
5,Docker-EC2,medium,625.94,3.67,622.27,669,200,2026-03-16T01:04:45.463943
6,Docker-EC2,medium,489.18,3.67,485.51,669,200,2026-03-16T01:04:48.954205
7,Docker-EC2,medium,489.29,3.6,485.69,669,200,2026-03-16T01:04:52.444419
8,Docker-EC2,medium,481.02,3.66,477.36,669,200,2026-03-16T01:04:55.926817
9,Docker-EC2,medium,3437.5,3.73,3433.77,669,200,2026-03-16T01:05:02.365720
10,Docker-EC2,medium,486.61,3.62,482.99,669,200,2026-03-16T01:05:05.853182
11,Docker-EC2,medium,495.93,3.6,492.33,669,200,2026-03-16T01:05:09.350189
12,Docker-EC2,medium,475.21,3.67,471.54,669,200,2026-03-16T01:05:12.826380
13,Docker-EC2,medium,460.55,3.77,456.78,669,200,2026-03-16T01:05:16.288192
14,Docker-EC2,medium,481.97,3.69,478.28,669,200,2026-03-16T01:05:19.770864
15,Docker-EC2,medium,493.67,3.67,490.0,669,200,2026-03-16T01:05:23.265222
16,Docker-EC2,medium,1378.74,3.56,1375.18,669,200,2026-03-16T01:05:27.644683
17,Docker-EC2,medium,485.36,3.59,481.77,669,200,2026-03-16T01:05:31.130397
18,Docker-EC2,medium,470.39,3.61,466.78,669,200,2026-03-16T01:05:34.602007
19,Docker-EC2,medium,508.28,3.62,504.66,669,200,2026-03-16T01:05:38.111342
20,Docker-EC2,medium,490.73,3.65,487.08,669,200,2026-03-16T01:05:41.603155
21,Docker-EC2,medium,472.79,3.63,469.16,669,200,2026-03-16T01:05:45.076693
22,Docker-EC2,medium,492.24,3.58,488.66,669,200,2026-03-16T01:05:48.569791
23,Docker-EC2,medium,491.29,3.61,487.68,669,200,2026-03-16T01:05:52.061955
24,Docker-EC2,medium,496.85,3.61,493.24,669,200,2026-03-16T01:05:55.559779
25,Docker-EC2,medium,525.78,3.74,522.04,669,200,2026-03-16T01:05:59.086647
26,Docker-EC2,medium,502.42,8.3,494.12,669,200,2026-03-16T01:06:02.590378
27,Docker-EC2,medium,487.16,3.64,483.52,669,200,2026-03-16T01:06:06.078301
28,Docker-EC2,medium,478.98,3.59,475.39,669,200,2026-03-16T01:06:09.557995
29,Docker-EC2,medium,494.03,3.73,490.3,669,200,2026-03-16T01:06:13.052844
30,Docker-EC2,medium,492.52,3.63,488.89,669,200,2026-03-16T01:06:16.546490
31,Docker-EC2,medium,507.89,3.69,504.2,669,200,2026-03-16T01:06:20.054860
32,Docker-EC2,medium,482.32,3.65,478.67,669,200,2026-03-16T01:06:23.538039
33,Docker-EC2,medium,493.06,3.63,489.43,669,200,2026-03-16T01:06:27.031851
34,Docker-EC2,medium,587.37,3.81,583.56,669,200,2026-03-16T01:06:30.619839
35,Docker-EC2,medium,452.06,3.8,448.26,669,200,2026-03-16T01:06:34.072468
36,Docker-EC2,medium,480.38,3.69,476.69,669,200,2026-03-16T01:06:37.553672
37,Docker-EC2,medium,488.06,3.65,484.41,669,200,2026-03-16T01:06:41.043189
38,Docker-EC2,medium,486.31,3.61,482.7,669,200,2026-03-16T01:06:44.530461
39,Docker-EC2,medium,489.28,3.62,485.66,669,200,2026-03-16T01:06:48.020579
40,Docker-EC2,medium,471.77,3.64,468.13,669,200,2026-03-16T01:06:51.492815
41,Docker-EC2,medium,495.1,3.68,491.42,669,200,2026-03-16T01:06:54.989287
42,Docker-EC2,medium,450.84,3.58,447.26,669,200,2026-03-16T01:06:58.441195
43,Docker-EC2,medium,515.48,10.59,504.89,669,200,2026-03-16T01:07:01.957495
44,Docker-EC2,medium,487.79,3.7,484.09,669,200,2026-03-16T01:07:05.446462
45,Docker-EC2,medium,487.52,3.61,483.91,669,200,2026-03-16T01:07:08.935077
46,Docker-EC2,medium,462.2,3.58,458.62,669,200,2026-03-16T01:07:12.398189
47,Docker-EC2,medium,483.93,3.65,480.28,669,200,2026-03-16T01:07:15.883079
48,Docker-EC2,medium,492.31,3.71,488.6,669,200,2026-03-16T01:07:19.376806
49,Docker-EC2,medium,469.67,3.64,466.03,669,200,2026-03-16T01:07:22.847409
50,Docker-EC2,medium,480.65,3.62,477.03,669,200,2026-03-16T01:07:26.328825
51,Docker-EC2,medium,476.86,3.59,473.27,669,200,2026-03-16T01:07:29.806847
52,Docker-EC2,medium,476.26,3.63,472.63,669,200,2026-03-16T01:07:33.284031
53,Docker-EC2,medium,482.13,3.62,478.51,669,200,2026-03-16T01:07:36.766912
54,Docker-EC2,medium,518.56,3.66,514.9,669,200,2026-03-16T01:07:40.286396
55,Docker-EC2,medium,508.24,3.62,504.62,669,200,2026-03-16T01:07:43.796151
56,Docker-EC2,medium,479.09,3.62,475.47,669,200,2026-03-16T01:07:47.276359
57,Docker-EC2,medium,477.12,3.57,473.55,669,200,2026-03-16T01:07:50.754475
58,Docker-EC2,medium,483.65,3.7,479.95,669,200,2026-03-16T01:07:54.239335
59,Docker-EC2,medium,462.36,3.71,458.65,669,200,2026-03-16T01:07:57.702483
60,Docker-EC2,medium,470.52,13.67,456.85,669,200,2026-03-16T01:08:01.173903
61,Docker-EC2,medium,470.52,3.69,466.83,669,200,2026-03-16T01:08:04.645322
62,Docker-EC2,medium,514.49,3.64,510.85,669,200,2026-03-16T01:08:08.160721
63,Docker-EC2,medium,523.02,3.58,519.44,669,200,2026-03-16T01:08:11.684972
64,Docker-EC2,medium,450.89,3.6,447.29,669,200,2026-03-16T01:08:15.136685
65,Docker-EC2,medium,506.8,3.64,503.16,669,200,2026-03-16T01:08:18.644299
66,Docker-EC2,medium,464.32,3.61,460.71,669,200,2026-03-16T01:08:22.109348
67,Docker-EC2,medium,459.53,3.74,455.79,669,200,2026-03-16T01:08:25.570602
68,Docker-EC2,medium,491.74,3.65,488.09,669,200,2026-03-16T01:08:29.063358
69,Docker-EC2,medium,523.72,3.73,519.99,669,200,2026-03-16T01:08:32.587975
70,Docker-EC2,medium,482.32,3.64,478.68,669,200,2026-03-16T01:08:36.071166
71,Docker-EC2,medium,473.04,3.59,469.45,669,200,2026-03-16T01:08:39.545159
72,Docker-EC2,medium,500.32,3.78,496.54,669,200,2026-03-16T01:08:43.046101
73,Docker-EC2,medium,463.87,3.63,460.24,669,200,2026-03-16T01:08:46.511169
74,Docker-EC2,medium,501.96,3.77,498.19,669,200,2026-03-16T01:08:50.013754
75,Docker-EC2,medium,445.77,3.69,442.08,669,200,2026-03-16T01:08:53.459911
76,Docker-EC2,medium,494.12,3.56,490.56,669,200,2026-03-16T01:08:56.954643
77,Docker-EC2,medium,486.69,3.54,483.15,669,200,2026-03-16T01:09:00.441901
78,Docker-EC2,medium,506.7,3.73,502.97,669,200,2026-03-16T01:09:03.949033
79,Docker-EC2,medium,484.12,3.6,480.52,669,200,2026-03-16T01:09:07.434144
80,Docker-EC2,medium,473.58,3.65,469.93,669,200,2026-03-16T01:09:10.908594
81,Docker-EC2,medium,449.56,3.62,445.94,669,200,2026-03-16T01:09:14.362725
82,Docker-EC2,medium,468.35,3.6,464.75,669,200,2026-03-16T01:09:17.832261
83,Docker-EC2,medium,477.38,3.66,473.72,669,200,2026-03-16T01:09:21.310442
84,Docker-EC2,medium,513.95,3.59,510.36,669,200,2026-03-16T01:09:24.825310
85,Docker-EC2,medium,472.52,3.63,468.89,669,200,2026-03-16T01:09:28.298460
86,Docker-EC2,medium,494.54,3.58,490.96,669,200,2026-03-16T01:09:31.793704
87,Docker-EC2,medium,483.07,3.67,479.4,669,200,2026-03-16T01:09:35.277692
88,Docker-EC2,medium,518.69,3.58,515.11,669,200,2026-03-16T01:09:38.798278
89,Docker-EC2,medium,464.62,3.58,461.04,669,200,2026-03-16T01:09:42.263859
90,Docker-EC2,medium,499.42,3.61,495.81,669,200,2026-03-16T01:09:45.764499
91,Docker-EC2,medium,502.85,3.71,499.14,669,200,2026-03-16T01:09:49.268044
92,Docker-EC2,medium,472.66,3.62,469.04,669,200,2026-03-16T01:09:52.742516
93,Docker-EC2,medium,512.58,3.71,508.87,669,200,2026-03-16T01:09:56.256485
94,Docker-EC2,medium,501.09,3.7,497.39,669,200,2026-03-16T01:09:59.758495
95,Docker-EC2,medium,486.39,3.88,482.51,669,200,2026-03-16T01:10:03.246083
96,Docker-EC2,medium,484.0,3.91,480.09,669,200,2026-03-16T01:10:06.730921
97,Docker-EC2,medium,518.98,3.6,515.38,669,200,2026-03-16T01:10:10.250824
98,Docker-EC2,medium,482.1,3.61,478.49,669,200,2026-03-16T01:10:13.733956
99,Docker-EC2,medium,457.81,3.58,454.23,669,200,2026-03-16T01:10:17.193276
100,Docker-EC2,medium,493.59,3.62,489.97,669,200,2026-03-16T01:10:20.687504
1,Lambda,heavy,2650.0,1135.25,1514.75,5133,200,2026-03-16T01:10:26.339556
2,Lambda,heavy,2300.3,1074.76,1225.54,5133,200,2026-03-16T01:10:31.641787
3,Lambda,heavy,2764.82,1086.45,1678.37,5133,200,2026-03-16T01:10:37.411041
4,Lambda,heavy,2358.34,1110.34,1248.0,5133,200,2026-03-16T01:10:42.771586
5,Lambda,heavy,2544.08,1119.3,1424.78,5133,200,2026-03-16T01:10:48.319727
6,Lambda,heavy,2008.06,1102.58,905.48,5133,200,2026-03-16T01:10:53.330636
7,Lambda,heavy,2655.71,1106.19,1549.52,5133,200,2026-03-16T01:10:58.988198
8,Lambda,heavy,2368.71,1118.63,1250.08,5133,200,2026-03-16T01:11:04.359537
9,Lambda,heavy,2775.6,1110.75,1664.85,5133,200,2026-03-16T01:11:10.137872
10,Lambda,heavy,2379.21,1108.04,1271.17,5133,200,2026-03-16T01:11:15.518831
11,Lambda,heavy,2308.8,1107.4,1201.4,5133,200,2026-03-16T01:11:20.829619
12,Lambda,heavy,2557.37,1141.04,1416.33,5133,200,2026-03-16T01:11:26.389826
13,Lambda,heavy,2369.61,1074.52,1295.09,5133,200,2026-03-16T01:11:31.760812
14,Lambda,heavy,2667.76,1098.85,1568.91,5133,200,2026-03-16T01:11:37.431099
15,Lambda,heavy,2403.79,1126.96,1276.83,5133,200,2026-03-16T01:11:42.836900
16,Lambda,heavy,2311.65,1078.66,1232.99,5133,200,2026-03-16T01:11:48.151710
17,Lambda,heavy,2354.42,1116.53,1237.89,5133,200,2026-03-16T01:11:53.508365
18,Lambda,heavy,2322.71,1070.88,1251.83,5133,200,2026-03-16T01:11:58.833593
19,Lambda,heavy,2353.44,1086.7,1266.74,5133,200,2026-03-16T01:12:04.188976
20,Lambda,heavy,2328.17,1103.44,1224.73,5133,200,2026-03-16T01:12:09.519948
21,Lambda,heavy,2337.8,1074.88,1262.92,5133,200,2026-03-16T01:12:14.859331
22,Lambda,heavy,2287.68,1098.88,1188.8,5133,200,2026-03-16T01:12:20.148200
23,Lambda,heavy,2307.36,1109.1,1198.26,5133,200,2026-03-16T01:12:25.457588
24,Lambda,heavy,2375.0,1091.04,1283.96,5133,200,2026-03-16T01:12:30.836182
25,Lambda,heavy,2361.2,1086.73,1274.47,5133,200,2026-03-16T01:12:36.199771
26,Lambda,heavy,2324.33,1094.1,1230.23,5133,200,2026-03-16T01:12:41.526921
27,Lambda,heavy,2306.84,1079.97,1226.87,5133,200,2026-03-16T01:12:46.836279
28,Lambda,heavy,2346.33,1061.7,1284.63,5133,200,2026-03-16T01:12:52.184720
29,Lambda,heavy,2447.84,1086.01,1361.83,5133,200,2026-03-16T01:12:57.634119
30,Lambda,heavy,2298.61,1090.41,1208.2,5133,200,2026-03-16T01:13:02.934785
31,Lambda,heavy,2408.54,1122.63,1285.91,5133,200,2026-03-16T01:13:08.346332
32,Lambda,heavy,2377.4,1086.34,1291.06,5133,200,2026-03-16T01:13:13.725525
33,Lambda,heavy,2297.83,1086.37,1211.46,5133,200,2026-03-16T01:13:19.025915
34,Lambda,heavy,2259.42,1070.28,1189.14,5133,200,2026-03-16T01:13:24.287255
35,Lambda,heavy,2353.21,1113.58,1239.63,5133,200,2026-03-16T01:13:29.643178
36,Lambda,heavy,2578.9,1107.03,1471.87,5133,200,2026-03-16T01:13:35.223425
37,Lambda,heavy,2364.98,1118.65,1246.33,5133,200,2026-03-16T01:13:40.590772
38,Lambda,heavy,2401.0,1094.72,1306.28,5133,200,2026-03-16T01:13:45.993934
39,Lambda,heavy,2388.09,1110.49,1277.6,5133,200,2026-03-16T01:13:51.383851
40,Lambda,heavy,2275.65,1062.04,1213.61,5133,200,2026-03-16T01:13:56.662134
41,Lambda,heavy,2260.62,1049.13,1211.49,5133,200,2026-03-16T01:14:01.926310
42,Lambda,heavy,2404.5,1094.31,1310.19,5133,200,2026-03-16T01:14:07.333696
43,Lambda,heavy,2385.22,1102.33,1282.89,5133,200,2026-03-16T01:14:12.722985
44,Lambda,heavy,2346.59,1102.31,1244.28,5133,200,2026-03-16T01:14:18.071845
45,Lambda,heavy,2349.45,1118.51,1230.94,5133,200,2026-03-16T01:14:23.423444
46,Lambda,heavy,2356.64,1131.65,1224.99,5133,200,2026-03-16T01:14:28.782177
47,Lambda,heavy,2259.72,1062.21,1197.51,5133,200,2026-03-16T01:14:34.044306
48,Lambda,heavy,2772.85,1106.37,1666.48,5133,200,2026-03-16T01:14:39.820424
49,Lambda,heavy,2330.46,1098.03,1232.43,5133,200,2026-03-16T01:14:45.152564
50,Lambda,heavy,2327.03,1098.28,1228.75,5133,200,2026-03-16T01:14:50.482916
51,Lambda,heavy,2297.38,1090.87,1206.51,5133,200,2026-03-16T01:14:55.782749
52,Lambda,heavy,2364.26,1050.01,1314.25,5133,200,2026-03-16T01:15:01.149117
53,Lambda,heavy,2299.14,1106.46,1192.68,5133,200,2026-03-16T01:15:06.450627
54,Lambda,heavy,2333.44,1090.01,1243.43,5133,200,2026-03-16T01:15:11.787127
55,Lambda,heavy,2249.02,1114.46,1134.56,5133,200,2026-03-16T01:15:17.040280
56,Lambda,heavy,2376.68,1069.95,1306.73,5133,200,2026-03-16T01:15:22.420041
57,Lambda,heavy,2307.26,1118.9,1188.36,5133,200,2026-03-16T01:15:27.729444
58,Lambda,heavy,2318.74,1122.56,1196.18,5133,200,2026-03-16T01:15:33.049561
59,Lambda,heavy,2229.62,1086.28,1143.34,5133,200,2026-03-16T01:15:38.282235
60,Lambda,heavy,2254.23,1075.16,1179.07,5133,200,2026-03-16T01:15:43.538577
61,Lambda,heavy,2319.85,1114.75,1205.1,5133,200,2026-03-16T01:15:48.859952
62,Lambda,heavy,2275.53,1122.48,1153.05,5133,200,2026-03-16T01:15:54.139165
63,Lambda,heavy,2328.51,1098.59,1229.92,5133,200,2026-03-16T01:15:59.469603
64,Lambda,heavy,2297.89,1111.09,1186.8,5133,200,2026-03-16T01:16:04.769338
65,Lambda,heavy,2328.06,1102.74,1225.32,5133,200,2026-03-16T01:16:10.100147
66,Lambda,heavy,2278.34,1103.26,1175.08,5133,200,2026-03-16T01:16:15.380390
67,Lambda,heavy,2286.45,1086.16,1200.29,5133,200,2026-03-16T01:16:20.668158
68,Lambda,heavy,2388.75,1147.48,1241.27,5133,200,2026-03-16T01:16:26.059097
69,Lambda,heavy,2297.44,1093.83,1203.61,5133,200,2026-03-16T01:16:31.359659
70,Lambda,heavy,2287.1,1098.6,1188.5,5133,200,2026-03-16T01:16:36.648777
71,Lambda,heavy,2267.87,1090.85,1177.02,5133,200,2026-03-16T01:16:41.919021
72,Lambda,heavy,2546.66,1122.18,1424.48,5133,200,2026-03-16T01:16:47.467187
73,Lambda,heavy,2301.25,1061.85,1239.4,5133,200,2026-03-16T01:16:52.770073
74,Lambda,heavy,2244.23,1066.06,1178.17,5133,200,2026-03-16T01:16:58.017043
75,Lambda,heavy,2401.29,1082.45,1318.84,5133,200,2026-03-16T01:17:03.421011
76,Lambda,heavy,2397.34,1123.21,1274.13,5133,200,2026-03-16T01:17:08.820102
77,Lambda,heavy,2274.01,1090.63,1183.38,5133,200,2026-03-16T01:17:14.097182
78,Lambda,heavy,2337.13,1087.31,1249.82,5133,200,2026-03-16T01:17:19.436738
79,Lambda,heavy,2318.06,1070.48,1247.58,5133,200,2026-03-16T01:17:24.757482
80,Lambda,heavy,2335.44,1139.3,1196.14,5133,200,2026-03-16T01:17:30.095976
81,Lambda,heavy,2349.72,1102.51,1247.21,5133,200,2026-03-16T01:17:35.447555
82,Lambda,heavy,2347.33,1088.27,1259.06,5133,200,2026-03-16T01:17:40.798531
83,Lambda,heavy,2274.66,1090.43,1184.23,5133,200,2026-03-16T01:17:46.076387
84,Lambda,heavy,2479.81,1085.68,1394.13,5133,200,2026-03-16T01:17:51.557661
85,Lambda,heavy,2327.01,1090.04,1236.97,5133,200,2026-03-16T01:17:56.886354
86,Lambda,heavy,2308.54,1102.15,1206.39,5133,200,2026-03-16T01:18:02.197866
87,Lambda,heavy,2336.6,1099.29,1237.31,5133,200,2026-03-16T01:18:07.536782
88,Lambda,heavy,2395.07,1103.3,1291.77,5133,200,2026-03-16T01:18:12.933605
89,Lambda,heavy,2323.26,1084.23,1239.03,5133,200,2026-03-16T01:18:18.259619
90,Lambda,heavy,2333.09,1101.99,1231.1,5133,200,2026-03-16T01:18:23.596649
91,Lambda,heavy,2315.38,1102.36,1213.02,5133,200,2026-03-16T01:18:28.914368
92,Lambda,heavy,2287.51,1108.3,1179.21,5133,200,2026-03-16T01:18:34.204589
93,Lambda,heavy,2416.42,1101.82,1314.6,5133,200,2026-03-16T01:18:39.623468
94,Lambda,heavy,2230.89,1085.98,1144.91,5133,200,2026-03-16T01:18:44.855837
95,Lambda,heavy,2560.1,1098.16,1461.94,5133,200,2026-03-16T01:18:50.418103
96,Lambda,heavy,2795.95,1050.24,1745.71,5133,200,2026-03-16T01:18:56.217367
97,Lambda,heavy,2642.18,1078.03,1564.15,5133,200,2026-03-16T01:19:01.862374
98,Lambda,heavy,2371.9,1102.85,1269.05,5133,200,2026-03-16T01:19:07.236249
99,Lambda,heavy,2411.98,1074.95,1337.03,5133,200,2026-03-16T01:19:12.651328
100,Lambda,heavy,2749.61,1070.4,1679.21,5133,200,2026-03-16T01:19:18.402295
1,Docker-EC2,heavy,553.1,57.4,495.7,5133,200,2026-03-16T01:19:21.960166
2,Docker-EC2,heavy,509.84,57.18,452.66,5133,200,2026-03-16T01:19:25.471421
3,Docker-EC2,heavy,540.66,57.15,483.51,5133,200,2026-03-16T01:19:29.013082
4,Docker-EC2,heavy,531.7,57.15,474.55,5133,200,2026-03-16T01:19:32.545404
5,Docker-EC2,heavy,511.83,57.13,454.7,5133,200,2026-03-16T01:19:36.058807
6,Docker-EC2,heavy,549.21,57.18,492.03,5133,200,2026-03-16T01:19:39.609200
7,Docker-EC2,heavy,554.68,57.04,497.64,5133,200,2026-03-16T01:19:43.164751
8,Docker-EC2,heavy,519.0,57.19,461.81,5133,200,2026-03-16T01:19:46.684851
9,Docker-EC2,heavy,541.45,58.66,482.79,5133,200,2026-03-16T01:19:50.227485
10,Docker-EC2,heavy,565.12,57.21,507.91,5133,200,2026-03-16T01:19:53.794187
11,Docker-EC2,heavy,541.41,57.85,483.56,5133,200,2026-03-16T01:19:57.337170
12,Docker-EC2,heavy,570.42,57.19,513.23,5133,200,2026-03-16T01:20:00.908350
13,Docker-EC2,heavy,568.29,79.29,489.0,5133,200,2026-03-16T01:20:04.477654
14,Docker-EC2,heavy,522.83,57.17,465.66,5133,200,2026-03-16T01:20:08.001479
15,Docker-EC2,heavy,561.54,57.05,504.49,5133,200,2026-03-16T01:20:11.564127
16,Docker-EC2,heavy,554.04,57.28,496.76,5133,200,2026-03-16T01:20:15.118939
17,Docker-EC2,heavy,531.84,56.99,474.85,5133,200,2026-03-16T01:20:18.651625
18,Docker-EC2,heavy,544.54,56.99,487.55,5133,200,2026-03-16T01:20:22.197266
19,Docker-EC2,heavy,525.77,57.36,468.41,5133,200,2026-03-16T01:20:25.724019
20,Docker-EC2,heavy,528.22,57.01,471.21,5133,200,2026-03-16T01:20:29.253541
21,Docker-EC2,heavy,528.33,56.98,471.35,5133,200,2026-03-16T01:20:32.782821
22,Docker-EC2,heavy,562.8,57.7,505.1,5133,200,2026-03-16T01:20:36.346743
23,Docker-EC2,heavy,509.54,57.2,452.34,5133,200,2026-03-16T01:20:39.857431
24,Docker-EC2,heavy,530.98,57.47,473.51,5133,200,2026-03-16T01:20:43.389336
25,Docker-EC2,heavy,527.63,56.75,470.88,5133,200,2026-03-16T01:20:46.917858
26,Docker-EC2,heavy,546.27,56.85,489.42,5133,200,2026-03-16T01:20:50.464862
27,Docker-EC2,heavy,544.74,58.41,486.33,5133,200,2026-03-16T01:20:54.010794
28,Docker-EC2,heavy,543.61,57.66,485.95,5133,200,2026-03-16T01:20:57.555551
29,Docker-EC2,heavy,628.2,142.09,486.11,5133,200,2026-03-16T01:21:01.185419
30,Docker-EC2,heavy,527.63,57.18,470.45,5133,200,2026-03-16T01:21:04.713968
31,Docker-EC2,heavy,519.65,57.11,462.54,5133,200,2026-03-16T01:21:08.234697
32,Docker-EC2,heavy,543.65,57.19,486.46,5133,200,2026-03-16T01:21:11.779707
33,Docker-EC2,heavy,532.59,60.79,471.8,5133,200,2026-03-16T01:21:15.312823
34,Docker-EC2,heavy,548.65,57.23,491.42,5133,200,2026-03-16T01:21:18.862132
35,Docker-EC2,heavy,531.71,57.26,474.45,5133,200,2026-03-16T01:21:22.395172
36,Docker-EC2,heavy,527.04,57.18,469.86,5133,200,2026-03-16T01:21:25.923403
37,Docker-EC2,heavy,525.72,57.04,468.68,5133,200,2026-03-16T01:21:29.449607
38,Docker-EC2,heavy,559.58,56.96,502.62,5133,200,2026-03-16T01:21:33.009925
39,Docker-EC2,heavy,503.78,56.81,446.97,5133,200,2026-03-16T01:21:36.514575
40,Docker-EC2,heavy,528.91,57.41,471.5,5133,200,2026-03-16T01:21:40.044257
41,Docker-EC2,heavy,573.04,62.73,510.31,5133,200,2026-03-16T01:21:43.618327
42,Docker-EC2,heavy,507.45,56.88,450.57,5133,200,2026-03-16T01:21:47.126710
43,Docker-EC2,heavy,535.8,57.28,478.52,5133,200,2026-03-16T01:21:50.663104
44,Docker-EC2,heavy,531.19,57.34,473.85,5133,200,2026-03-16T01:21:54.195657
45,Docker-EC2,heavy,533.57,56.98,476.59,5133,200,2026-03-16T01:21:57.730107
46,Docker-EC2,heavy,576.23,71.11,505.12,5133,200,2026-03-16T01:22:01.307231
47,Docker-EC2,heavy,544.09,57.55,486.54,5133,200,2026-03-16T01:22:04.852269
48,Docker-EC2,heavy,532.31,57.89,474.42,5133,200,2026-03-16T01:22:08.385241
49,Docker-EC2,heavy,540.2,57.16,483.04,5133,200,2026-03-16T01:22:11.926388
50,Docker-EC2,heavy,664.92,57.37,607.55,5133,200,2026-03-16T01:22:15.592137
51,Docker-EC2,heavy,546.81,57.9,488.91,5133,200,2026-03-16T01:22:19.140163
52,Docker-EC2,heavy,502.4,58.06,444.34,5133,200,2026-03-16T01:22:22.643658
53,Docker-EC2,heavy,542.99,57.11,485.88,5133,200,2026-03-16T01:22:26.187913
54,Docker-EC2,heavy,530.92,57.11,473.81,5133,200,2026-03-16T01:22:29.719624
55,Docker-EC2,heavy,508.7,57.17,451.53,5133,200,2026-03-16T01:22:33.228957
56,Docker-EC2,heavy,522.57,57.2,465.37,5133,200,2026-03-16T01:22:36.752455
57,Docker-EC2,heavy,549.96,57.05,492.91,5133,200,2026-03-16T01:22:40.302932
58,Docker-EC2,heavy,548.37,57.3,491.07,5133,200,2026-03-16T01:22:43.852713
59,Docker-EC2,heavy,570.68,57.48,513.2,5133,200,2026-03-16T01:22:47.424275
60,Docker-EC2,heavy,550.61,58.64,491.97,5133,200,2026-03-16T01:22:50.975752
61,Docker-EC2,heavy,540.37,57.17,483.2,5133,200,2026-03-16T01:22:54.517138
62,Docker-EC2,heavy,557.06,58.86,498.2,5133,200,2026-03-16T01:22:58.075548
63,Docker-EC2,heavy,704.67,218.85,485.82,5133,200,2026-03-16T01:23:01.780919
64,Docker-EC2,heavy,546.02,59.22,486.8,5133,200,2026-03-16T01:23:05.328108
65,Docker-EC2,heavy,503.76,57.34,446.42,5133,200,2026-03-16T01:23:08.832772
66,Docker-EC2,heavy,520.95,58.38,462.57,5133,200,2026-03-16T01:23:12.354825
67,Docker-EC2,heavy,538.61,57.14,481.47,5133,200,2026-03-16T01:23:15.894270
68,Docker-EC2,heavy,518.01,57.27,460.74,5133,200,2026-03-16T01:23:19.413550
69,Docker-EC2,heavy,545.11,57.05,488.06,5133,200,2026-03-16T01:23:22.959596
70,Docker-EC2,heavy,555.0,57.18,497.82,5133,200,2026-03-16T01:23:26.516053
71,Docker-EC2,heavy,530.57,58.44,472.13,5133,200,2026-03-16T01:23:30.047592
72,Docker-EC2,heavy,513.22,57.57,455.65,5133,200,2026-03-16T01:23:33.561616
73,Docker-EC2,heavy,554.27,56.95,497.32,5133,200,2026-03-16T01:23:37.117002
74,Docker-EC2,heavy,544.66,57.76,486.9,5133,200,2026-03-16T01:23:40.662456
75,Docker-EC2,heavy,537.23,56.92,480.31,5133,200,2026-03-16T01:23:44.200538
76,Docker-EC2,heavy,533.98,57.22,476.76,5133,200,2026-03-16T01:23:47.735923
77,Docker-EC2,heavy,530.54,57.29,473.25,5133,200,2026-03-16T01:23:51.267077
78,Docker-EC2,heavy,540.65,57.22,483.43,5133,200,2026-03-16T01:23:54.808648
79,Docker-EC2,heavy,552.38,58.87,493.51,5133,200,2026-03-16T01:23:58.361773
80,Docker-EC2,heavy,873.83,403.68,470.15,5133,200,2026-03-16T01:24:02.237009
81,Docker-EC2,heavy,531.87,57.28,474.59,5133,200,2026-03-16T01:24:05.770028
82,Docker-EC2,heavy,546.05,57.32,488.73,5133,200,2026-03-16T01:24:09.316631
83,Docker-EC2,heavy,536.73,57.9,478.83,5133,200,2026-03-16T01:24:12.854499
84,Docker-EC2,heavy,528.46,57.16,471.3,5133,200,2026-03-16T01:24:16.384078
85,Docker-EC2,heavy,561.17,57.27,503.9,5133,200,2026-03-16T01:24:19.945824
86,Docker-EC2,heavy,534.02,57.02,477.0,5133,200,2026-03-16T01:24:23.480804
87,Docker-EC2,heavy,540.55,57.54,483.01,5133,200,2026-03-16T01:24:27.022261
88,Docker-EC2,heavy,572.94,57.17,515.77,5133,200,2026-03-16T01:24:30.596310
89,Docker-EC2,heavy,524.38,57.12,467.26,5133,200,2026-03-16T01:24:34.122082
90,Docker-EC2,heavy,547.11,57.41,489.7,5133,200,2026-03-16T01:24:37.670457
91,Docker-EC2,heavy,532.3,57.31,474.99,5133,200,2026-03-16T01:24:41.203684
92,Docker-EC2,heavy,521.23,57.21,464.02,5133,200,2026-03-16T01:24:44.725903
93,Docker-EC2,heavy,515.82,57.29,458.53,5133,200,2026-03-16T01:24:48.242583
94,Docker-EC2,heavy,534.31,57.12,477.19,5133,200,2026-03-16T01:24:51.777586
95,Docker-EC2,heavy,554.98,58.34,496.64,5133,200,2026-03-16T01:24:55.333476
96,Docker-EC2,heavy,528.02,57.32,470.7,5133,200,2026-03-16T01:24:58.862486
97,Docker-EC2,heavy,524.16,57.87,466.29,5133,200,2026-03-16T01:25:02.387481
98,Docker-EC2,heavy,513.79,57.47,456.32,5133,200,2026-03-16T01:25:05.902599
99,Docker-EC2,heavy,531.19,57.96,473.23,5133,200,2026-03-16T01:25:09.434709
100,Docker-EC2,heavy,526.56,57.57,468.99,5133,200,2026-03-16T01:25:12.962054
